{
  "Layer_0": {
    "weights": [
      [-1.96057, -1.69803, 0.363162],
      [1.79407, 1.80328, 0.215677]
    ],
    "biases": [
      [-0.880551, 0.836009, 0.534899]
    ]
  },
  "Layer_1": { },
  "Layer_2": {
    "weights": [
      [1.8148],
      [-1.80562],
      [0.718642]
    ],
    "biases": [
      [2.16636]
    ]
  },
  "Layer_3": { }
}
