{
  "Layer_0": {
    "weights": [
      [-1.35696, -1.10105, 0.678969],
      [0.946703, 1.36005, 0.713295]
    ],
    "biases": [
      [-0.485698, 0.664505, 0.469539]
    ]
  },
  "Layer_1": { },
  "Layer_2": {
    "weights": [
      [1.19361],
      [-1.21888],
      [1.00374]
    ],
    "biases": [
      [0.864757]
    ]
  },
  "Layer_3": { }
}
